"","forwarded_from"
"1","Corona Virus Informationen"
"2","AMS INFO"
"3","INFOKRIEG "
"4","Eva Herman Offiziell"
"5","WirSindVielMehr"
"6","infonet"
"7","Infoplatz   "
"8","Oliver Janich öffentlich"
"9","   "
"10","Marianne Bhend"
"11","Ignaz Bearth"
"12","Corona Rebellen Schweiz Offiziell"
"13","Claudio Beeler"
"14","Erwachen mit Marcus"
"15","Corona Transition"
"16","DAUMEN RUNTER BLITZKRIEG "
"17","TranslatedPress DE"
"18","UnserLand"
"19","Udo Ulfkotte Gesellschaft"
"20","ecopolis research"
"21","Der große Aufbruch  hervorgegangen aus C19info"
"22","Jack Kerouac"
"23","Schülerinnen gegen die Maskenpflicht Deutschland"
"24","Nachwelt Kanal derzeit nicht aktiv"
"25","ddbradio"
"26","Gernot Ubuntu2020"
"27","ATTILA HILDMANN "
"28","RA Ludwig  Querdenkeranwalt"
"29","KlagePATEN  Hilfe bei CoronaMaßnahmen  Wir setzen uns für Demokratie Freiheit und unsere Grundrechte ein"
